client_id,target,count_all
64404394,1,133
43801606,1,677
2750594,0,192
74555637,0,256
66499894,0,8392
73649979,0,2793
12510907,0,2184
83040169,0,717
8552161,1,254
43892754,1,736
83370979,1,546
30285081,0,12337
13595171,1,93
46404954,0,521
47981532,0,623
21044517,0,1853
67900960,1,618
31003635,1,180
38896722,0,419
63578851,0,53
84235447,0,347
83939025,1,243
50188105,0,422
21004118,0,710
74298343,0,1057
16048969,0,2152
42572886,0,502
62941427,1,371
20519875,0,393
17447144,0,1237
20157946,0,1934
5222307,1,934
87113643,1,160
41074720,1,271
5418695,0,226
46270513,0,946
46212948,0,249
92934575,1,573
69086434,1,487
86199849,0,125
80112107,0,319
82759519,1,630
32849017,1,1362
53561226,0,167
85179388,1,601
34174139,0,165
46890366,1,9087
68800304,1,1358
63233186,0,18293
18965515,0,384
55775954,0,647
53194608,0,286
73510477,0,476
54441407,0,311
81623686,1,191
16835324,1,672
68993750,0,596
61870738,0,498
2208164,0,576
27264666,1,323
83216267,0,380
78693783,1,1062
98259659,1,824
73480392,0,861
48318891,0,293
50859909,0,979
95553341,1,1183
83018259,0,499
33040990,1,875
83810118,0,5320
73026170,1,595
4612839,1,1796
33875138,1,691
57215636,1,426
39796401,1,249
90053651,1,1499
11419740,1,875
44965738,0,404
24971994,1,335
75166368,0,903
54281801,1,392
62727101,0,729
84067450,0,823
18784555,0,532
24915105,1,251
48046974,0,199
77245317,0,321
94968016,1,446
73847071,0,126
40651290,0,203
19143789,1,1067
13799180,1,430
21328244,0,631
14552261,0,867
775341,0,245
99254041,0,193
7808483,0,300
54891333,1,1315
24871230,0,4676
30396628,0,655
40527658,0,1064
63281295,1,616
74942122,1,500
64829915,0,61
56515142,0,606
81709063,1,1238
16568750,1,892
384494,0,827
41481189,1,1209
79155704,0,705
18528564,0,336
33755262,1,596
29011261,0,526
5993610,0,248
9482428,1,383
11403503,1,1561
67444980,0,1137
22321124,0,514
29686205,1,135
50756711,0,388
64196239,0,447
63791366,1,591
62166549,0,605
27087373,0,84
64560739,1,1697
43175913,0,663
60446415,0,661
71648241,1,1858
6226624,1,1419
6128165,0,242
94603349,0,141
49009430,0,294
76599235,0,2092
49254761,1,698
7981404,0,1489
83494724,1,560
18630870,1,635
13422613,1,585
77686369,1,570
7031302,0,211
78025217,1,794
23308319,0,408
72118918,0,274
52460589,1,888
34304847,1,657
12095671,1,678
20395638,0,1271
16167490,0,454
66574653,1,978
13316918,1,416
51734050,0,459
3938875,0,1401
24539263,1,939
66372978,1,477
37578780,0,594
90159845,1,300
83227940,1,735
62935972,0,759
48356845,0,808
24379703,1,273
37433974,0,1634
69065209,1,2240
12282192,0,801
48730144,0,409
23549229,0,169
86670135,0,137
73931563,0,155
19560967,0,696
43918581,0,866
15104152,1,1210
70972809,1,1067
97502266,0,372
50935035,1,398
18366978,0,681
648872,1,3512
98168552,1,792
28099819,1,475
39055422,0,872
3918071,1,100
16918320,0,907
99725094,1,909
42828657,0,1240
3468151,0,653
74870263,0,538
47618927,0,1624
62225605,0,294
9305819,1,890
97913958,1,1615
54002443,1,408
63579862,1,830
22975715,0,331
34338435,0,993
79944617,0,597
82483973,0,208
4593707,0,228
10600725,0,567
77592534,0,307
29625170,1,547
9882523,0,267
2532518,0,288
48741370,0,607
65346193,0,195
31792501,1,411
55156362,0,423
19327580,1,836
82581973,1,736
81738156,0,1189
72033624,1,828
6022714,0,139
33005107,0,447
14682884,1,776
81283191,1,957
48047924,0,638
46684516,0,535
9531382,0,287
79913275,0,523
10493682,0,653
52859730,1,241
81541373,0,614
47446589,1,1055
11971296,0,331
19345776,0,655
38976924,0,176
64718123,0,538
99815733,1,60
24638488,1,884
92766561,1,180
13712785,0,1402
84678121,1,305
85408670,1,378
36870445,1,1088
66388543,0,1387
36024071,0,866
66572743,0,769
58929635,1,984
8828213,0,253
82538809,1,341
3314739,0,726
66587797,0,328
50089347,0,933
33343185,1,141
64443795,0,576
97103193,1,479
18880490,1,521
57232590,1,1238
23912204,1,1226
89019714,1,832
80647302,1,368
16967590,0,694
96666345,1,417
68958958,1,285
25979685,1,910
21627669,1,1399
47375053,1,1088
52451335,1,904
71979180,1,787
75721743,0,986
42711403,0,163
61155470,0,1432
68277946,0,313
94205618,1,1275
30490199,0,1236
87520315,1,1449
73006095,0,330
25060635,0,1007
63721223,1,223
36996495,0,866
24052169,1,272
40157852,1,1150
24675912,1,1851
68483342,0,588
9298618,0,533
97502932,0,3110
49706714,0,368
35245068,1,240
93302462,0,447
14036897,1,814
94986039,1,425
54397214,1,76
33532077,1,1003
8400970,0,287
29786897,0,1927
34036744,1,1201
17832283,0,55
25891851,0,344
12785195,1,595
88887169,1,765
55793767,1,1035
10324267,1,1128
11625700,1,862
93220464,1,1114
16949486,0,497
83941637,0,336
80140412,0,1083
82376585,1,426
62772670,0,521
66813517,0,3085
80264771,1,307
9690524,0,3874
47862820,0,119
27931627,0,337
76879710,0,1125
84846919,1,723
94054404,1,210
1420268,0,269
55726430,0,538
72045112,0,671
27338380,0,497
82683681,1,535
53818229,1,782
49770197,1,388
34848455,0,1158
26042080,0,345
72107908,0,864
68050945,0,126
877421,1,1007
53239875,1,278
79733502,0,529
55375985,0,1679
43801813,0,518
54421340,1,1170
89281745,0,431
45772959,0,793
28270562,0,799
34788345,0,1035
69068274,0,627
33754176,0,184
99848367,0,262
91803318,1,3088
93043169,0,647
63862868,1,69
35484006,1,500
65728672,1,1274
33455666,0,407
45106113,0,1333
54138582,1,312
41904626,1,141
79743129,0,301
30180671,0,329
70446038,0,588
94852692,1,927
1645333,1,547
662157,0,365
52950663,1,6038
72898145,0,132
89509820,0,857
57513608,1,688
48805691,0,168
98976404,0,737
56012853,0,363
90773101,1,1304
45131907,1,916
44837780,1,830
59545596,1,595
59696507,0,482
96275671,1,97
28934622,0,208
55241935,1,1388
8612909,1,366
86405342,1,97
6138865,1,618
11227474,0,1367
10126330,0,300
49502156,1,746
33162672,0,410
89627678,1,362
88515012,0,536
54856133,0,110
51468266,0,606
67761403,0,100
61197025,0,309
3638357,0,274
52872013,1,130
12187862,0,603
93629004,1,1053
82904633,0,220
5021691,1,289
94271606,1,870
70554895,0,1545
31113562,1,145
38946152,1,944
59189911,0,557
54729297,1,572
17670150,1,856
94381868,1,721
38688842,1,407
62830614,0,780
31198894,0,539
9672790,0,975
57751865,0,974
27248700,0,700
12842184,0,295
6057858,1,1935
34692356,0,734
22776912,1,1171
99877835,0,280
87923873,0,135
10066310,1,455
47350031,0,186
13889184,1,309
92686005,0,546
82005177,0,126
89447063,1,491
4613012,1,537
53228982,1,684
71854920,0,899
93875198,1,361
99225265,1,790
89095703,0,159
28519778,0,868
83519788,1,264
61782607,1,160
83036519,0,733
94395091,1,556
16576146,0,418
61596684,1,434
12338797,1,430
77197301,0,266
31490560,0,607
72075588,0,576
17992634,0,307
63864494,1,191
48546267,1,622
59831043,1,355
33006078,1,915
90684787,1,307
59612277,0,760
70132417,0,568
65605432,0,866
13476395,0,449
50559876,1,849
37585644,1,238
29132189,0,548
95748592,0,125
52244578,0,1005
84565455,0,725
65862647,1,434
61542377,1,501
69273181,0,480
49300566,1,1590
50996081,0,922
60542588,1,603
34267056,0,430
4165519,1,329
16804239,1,600
50082056,1,52
58370483,0,526
66338233,1,152
15039371,1,347
39481753,1,789
30929391,0,145
49787865,1,258
79973951,0,282
62509484,1,786
11653939,1,518
17908138,1,443
65460714,0,506
71759640,0,647
83275391,0,1471
64687471,0,724
72575284,1,409
3298181,0,901
17266117,1,321
22422408,1,647
17346481,1,818
59472846,0,286
15867759,0,436
93914512,0,367
87557584,1,313
79541861,0,590
85855131,0,395
8491771,0,488
91293742,0,307
52931764,1,931
88791777,0,682
47076031,0,487
43243495,0,84
24270899,0,296
90917592,0,154
47328174,1,696
9075126,1,572
86544211,0,331
14808847,1,724
1289086,1,156
15503089,0,429
29634031,0,317
11994958,1,243
37377974,1,523
22450717,0,547
85273426,0,804
58629398,0,370
98555710,1,734
38169826,0,605
60894440,1,520
22194322,1,791
10303548,1,2572
51212318,1,395
36458534,1,2026
17120363,1,411
70714631,0,236
95918198,0,552
53969420,0,230
44552122,0,12325
6845060,0,393
99915912,0,1156
94272314,0,223
50481996,0,349
69512179,0,539
4690246,0,321
81216094,1,131
40122429,1,642
95202077,0,338
34234802,1,1077
44464397,1,736
68540284,1,618
13418393,1,551
20299386,1,42
62277942,1,297
58193397,0,787
14481681,0,589
5501127,0,950
23293291,0,116
43184017,0,339
12997681,1,1751
18048133,1,614
99468407,0,149
20505443,0,984
83048651,0,440
92867125,0,82
3598742,1,961
88355759,1,373
59034128,0,595
59605485,1,275
31505410,0,509
28400001,0,831
58674955,0,323
32250197,1,230
75825876,0,806
91473563,1,313
57192854,0,478
23703756,1,337
85202027,1,999
7326967,0,171
72518587,0,19
10376412,0,526
28373881,1,358
97556299,1,761
77551525,0,424
26096740,1,180
72605688,0,637
1562005,1,1235
61572210,1,459
73016217,0,1553
75757132,1,1144
39411409,1,1353
10685683,0,532
82259377,1,1879
39157536,1,2352
30019933,1,510
42857274,1,167
1600833,1,242
87474247,1,220
40759789,0,224
44075019,1,786
93677449,1,335
17319846,1,278
79565843,1,355
52277412,1,472
41347113,1,808
76389630,0,371
91188693,0,387
51803334,0,310
39839813,0,803
22179409,0,204
86124516,0,691
8834477,0,247
28513779,0,1174
37784855,0,894
16910920,1,1191
20910492,0,342
2470443,0,1000
6051223,0,295
16730077,1,1032
24902845,1,951
14572195,1,828
36953699,0,554
63114071,1,299
64496934,0,100
55516258,1,1016
44273504,1,547
46606761,1,130
58955297,1,784
65658944,0,498
55552772,0,145
32581995,1,1929
76012643,1,999
63445893,1,125
10023080,1,559
48079721,0,197
32377246,1,257
54083546,0,722
58610022,1,319
16662809,0,427
1310584,0,228
80417676,0,263
824085,0,1125
67271436,0,666
63140042,1,266
35966536,1,541
62536924,1,1288
78541979,1,238
64887559,0,579
54555974,1,411
58598492,0,823
94969511,1,352
83186361,1,413
56601597,1,292
25804863,1,1048
77981085,1,821
50098039,0,256
17757519,0,773
38225348,1,715
94751380,1,540
73389576,1,484
78763802,0,547
87125342,0,649
82226539,0,291
86829925,1,569
98969269,1,564
42224807,1,1000
76168127,1,230
1568833,0,1239
82615859,0,150
73713185,0,717
72224381,0,780
64026830,1,247
701335,1,1190
40616415,1,192
14222226,0,890
41535730,0,381
69873657,0,501
7606330,0,287
68824824,0,154
44934830,1,574
99953525,0,172
70679460,1,2664
57195308,1,88
10026296,0,555
53610753,0,294
92283523,0,877
63110013,0,844
62986066,1,1116
48895853,0,977
84027814,0,413
12056620,0,596
58247825,0,455
9461916,1,666
30217532,0,667
80434437,0,370
7999946,0,341
42661601,1,1396
15233857,0,198
3830602,1,255
91010140,1,434
36701802,1,221
76722928,1,329
76145298,1,686
18232705,1,146
18029928,0,689
57945424,0,852
22739382,0,559
50799692,1,417
51831793,1,604
82933740,0,61
62895171,1,372
57155985,1,562
98674425,1,555
97232810,1,488
51568678,1,429
20789093,1,409
57928592,1,659
50932485,1,277
54779436,0,546
54862658,0,673
85783069,0,275
4741880,0,543
40610322,0,323
31693859,0,272
88943100,1,491
59562228,1,105
79471746,0,838
30457443,0,751
54236542,0,638
34026442,0,807
73319163,0,314
43100750,0,315
29768535,1,484
68395511,1,233
51786443,0,774
69302909,0,530
80410334,0,321
18935419,0,711
88227575,0,447
33454252,1,633
49933875,1,944
78204059,0,589
24825702,1,413
38685392,0,198
4740895,0,336
66712056,0,611
9967570,1,978
87674501,0,430
92487753,1,528
32990734,0,1134
94756196,1,1001
35414109,1,752
61542297,1,328
57945406,1,1110
76958479,1,478
68248058,1,191
34189519,0,1376
50107590,1,625
42548101,1,347
49979298,1,71
83260097,1,622
97885663,1,238
62233373,0,488
34176319,1,431
86968171,1,1347
8132064,1,1007
63532469,1,590
46537261,0,557
46617094,1,1051
17035523,1,1076
84605762,1,564
13422446,0,414
56680782,0,434
26758611,0,575
70437097,0,515
72724146,0,1310
49163174,0,874
43519913,1,360
61813188,0,738
45082517,1,623
57399824,0,376
88538376,0,202
80324834,0,1027
65891854,0,389
75599132,0,749
18032393,1,640
15598730,0,80
29656101,1,779
5529000,0,700
52989826,1,902
78048489,1,455
46339648,0,663
42268246,0,470
69054650,0,337
66143775,0,525
77856088,1,92
69841419,1,505
42886037,0,440
10966995,1,950
9099643,1,532
94925644,0,158
44995890,1,214
89750103,0,475
10011328,1,1000
17861663,1,650
7277718,1,324
69124433,0,259
5962572,0,673
79027525,1,358
31513070,1,1459
67138881,1,975
54737892,1,570
58927964,1,298
91843324,1,809
85518423,1,564
2672564,1,542
69910844,0,237
75739243,0,146
49156377,1,706
85733088,1,408
18347957,0,986
86037173,0,495
96225304,1,495
86499817,1,361
115617,1,94
90009918,0,575
34352632,1,350
98804574,0,832
14490414,0,292
51890036,1,990
62752470,0,1156
51628161,1,405
19582357,1,487
57399758,0,538
82479679,1,266
60470683,0,555
55302990,0,648
56936197,1,937
93535963,0,372
83073886,1,1130
13871004,0,540
72324787,1,131
74298839,0,235
8768990,0,858
15381290,0,683
99074102,0,1205
98130398,0,462
95606586,1,786
14129852,0,390
54250589,1,635
3990151,1,385
37694414,1,308
6916371,1,1120
87434552,1,586
3585421,0,201
13358704,0,1159
31967438,0,402
46194979,0,1528
53749859,0,731
68079988,1,664
41223923,1,230
17732747,0,233
93562787,1,207
8114563,1,467
16753848,1,109
35021302,0,592
35528109,0,542
58266143,1,914
51330264,0,561
78808508,0,732
46145930,1,211
46557366,0,950
55665294,0,817
89621917,0,282
31333924,0,486
49320792,0,138
37945354,0,900
65511553,1,67
72874855,0,1201
82047088,0,963
94425915,1,185
12570806,1,340
38149474,0,210
51559141,0,219
44199795,1,144
75663219,1,774
25203159,0,521
60859227,0,801
23993168,0,150
4904693,0,522
70495971,1,551
232342,1,113
53566215,0,450
28037756,0,314
45702843,0,334
90278223,0,809
69368128,0,678
82277885,0,280
14005433,1,229
81450459,1,495
74476679,1,233
5155879,0,538
3501340,0,455
46354028,0,252
78445041,0,193
79431697,0,181
58164080,1,348
44763290,1,722
20224017,0,383
68986697,1,127
48075002,0,800
43680461,0,60
53528212,0,337
17292612,1,1605
47446562,0,481
25373233,0,440
59219623,0,158
17431962,1,858
82535947,0,473
42581125,1,424
44080874,0,665
70790743,0,744
70306450,0,297
99918216,1,188
44927222,0,467
91778277,0,644
66385759,0,292
68393589,0,775
1567274,1,515
43979678,1,913
4638377,0,462
78941524,0,492
52131601,1,547
8293832,0,816
30705292,0,279
57620272,1,394
50414042,1,614
79115962,1,499
14672721,1,204
28608046,1,976
36903185,1,727
86274674,1,615
80680534,0,223
87220200,1,445
76996086,0,281
47636043,0,614
73139150,0,1065
81898549,0,485
63627959,1,587
13191753,0,206
21387357,1,303
97586875,1,1024
63054177,1,1016
92914370,0,314
56342135,0,138
14221391,0,408
48923266,0,177
84477305,0,104
68312764,0,952
54501045,1,565
79751499,1,295
93523674,0,611
70749448,0,431
55515806,1,694
60688335,0,120
22774372,0,115
30177386,0,489
82806948,0,136
24414430,1,904
66061266,1,551
42415929,1,1390
6317738,0,86
3180911,0,579
20856837,1,1083
90332679,0,500
38034239,1,371
69735462,0,240
2338817,1,883
93453966,1,456
49856670,1,464
59289503,0,462
88505830,0,919
69158245,0,758
42896317,0,487
64405149,1,428
17194012,0,177
61888608,1,510
77774787,0,244
71656498,0,1089
93894696,1,463
1510234,0,725
53799749,0,141
25596058,0,236
86665789,0,397
8329675,0,68
14525059,0,500
79986613,0,280
76974831,0,613
56757226,0,459
8611938,0,614
86630396,0,272
89691547,1,330
56187152,0,336
4891400,1,223
39186671,1,1365
44829111,0,239
14257147,1,554
26396464,1,1152
86108730,0,209
67977687,0,460
84300454,1,685
86770066,1,636
78276278,0,288
40659220,0,168
23696398,1,208
43720214,0,896
96496203,0,778
83399464,0,95
41629286,0,466
35497384,1,1474
1658650,1,502
65613676,0,210
35755271,0,664
45148188,1,163
30827699,1,494
39688662,1,562
68918342,1,386
26431393,0,229
23868804,1,1163
78109597,0,602
25826539,0,358
35511212,1,728
36503319,1,612
901811,1,524
98013779,1,680
72748976,0,448
65501081,0,138
76111213,1,467
16295869,0,574
42712944,0,1208
15476291,0,136
95076465,1,108
23102041,1,1282
34555163,1,597
41250878,0,323
44463692,0,503
73736701,0,213
5008485,0,232
6299035,0,422
95688478,0,715
36456978,1,799
82974932,1,269
58410222,1,734
79422293,0,338
34970424,0,566
12437618,0,944
95658180,1,90
23849001,0,154
48285503,0,563
55864383,0,367
11060478,1,934
15053840,1,685
65335641,1,473
3501973,1,294
24763937,0,663
58501218,0,251
41783890,0,519
47365105,0,208
20657474,1,1236
72283014,1,662
79405352,1,266
14301268,0,818
5509085,0,210
2762123,1,339
40240304,0,531
50834253,1,434
73331236,0,468
19568391,0,873
61313305,1,100
8572281,1,227
30085165,0,314
62693719,1,293
59396928,0,495
24259983,1,90
75025577,1,953
53889389,1,416
5307689,0,349
80858945,1,333
17168015,1,310
81226381,1,487
15458619,0,526
83434674,1,211
52245208,0,440
22736056,0,36
14016145,1,348
49238238,0,592
72286950,0,343
94454524,0,500
43394138,1,881
32633567,0,298
23530657,0,62
25008534,0,392
13389616,0,487
37178548,1,333
20930910,1,687
23348169,0,625
75668252,1,385
34992100,0,284
43964595,0,1578
9185026,0,526
34699380,0,270
47836515,0,466
77190492,1,533
59169205,0,755
80357050,0,482
74285914,0,372
42145577,1,412
47852172,1,259
96197691,1,451
22169732,1,237
52386241,0,199
41592350,0,783
76329106,1,180
26057697,0,668
3857377,1,367
74975576,0,372
12500141,1,794
94960306,1,84
59649472,0,259
57643619,0,155
51314515,0,596
68831112,0,415
29663240,1,288
4887844,1,181
46386937,0,323
85572010,0,993
7617756,0,201
91683449,1,398
13777610,0,416
62140058,0,324
61133128,1,246
71875844,0,378
66020115,1,817
5919289,0,562
69573049,0,212
40703171,0,850
94815715,1,866
92910743,1,500
40162652,1,290
69348468,1,438
78548598,1,332
54177701,0,594
16744894,1,963
45231624,0,309
9807993,1,517
25578110,0,315
57690486,0,405
77283889,1,391
97715009,0,347
87098793,0,543
78714161,1,329
98404918,0,288
53470814,1,395
86719987,0,64
52808914,1,689
95481247,0,738
73269680,0,342
98672611,0,178
71835764,0,334
3299846,1,534
51139844,1,1157
42426678,1,395
91309582,0,83
12526703,0,548
73347989,1,1218
42101009,0,414
31052070,1,619
69973522,1,310
62140553,0,553
81908367,0,278
25824526,0,174
14865801,1,274
418693,0,77
24599321,0,182
48853469,0,137
26807411,0,490
4181983,1,743
27708461,1,472
69669151,0,409
32486485,1,1174
4896321,1,621
72578493,1,976
9443030,1,275
1563913,0,545
79668349,0,657
39932626,1,707
99917144,0,670
45897442,1,569
71324242,1,385
66418902,1,1431
25709662,0,483
56167905,1,177
62745906,1,436
15826213,1,638
47938988,1,266
62574131,0,529
80742712,1,327
85626879,0,446
2102941,0,167
78186078,1,383
99849278,0,473
26214523,1,766
59053159,1,1118
67070728,0,227
16026721,1,445
46134404,1,848
81157586,0,282
16585493,0,552
14664253,1,436
94527967,1,496
68742453,0,742
72305515,0,555
94064467,0,382
1626561,1,381
49453167,0,710
44428158,1,136
89054135,0,150
85914875,0,348
84667527,1,250
5595865,0,110
2692812,1,669
21392336,1,158
87328907,1,147
43806960,1,438
60721791,0,323
31991173,0,547
70066447,0,210
13554236,0,416
7543476,1,1598
19218689,1,599
30644657,0,167
11341232,1,661
55199234,0,575
99165645,0,351
72446283,0,132
59767689,1,728
22576987,1,477
99988578,0,826
21489148,1,221
53928953,0,473
29862509,0,299
76280977,0,601
38761511,0,261
31479063,1,403
19235833,0,154
63886354,0,468
81327243,0,568
58046901,1,689
51680121,0,238
35915513,0,654
83866773,0,534
29451506,1,1552
2132230,1,809
81305571,1,291
79480581,1,1167
51404232,0,416
22772988,0,203
90610997,1,366
52277872,0,91
84391984,1,363
97872286,1,400
65049167,0,516
47708756,0,428
57230593,0,139
66616905,1,363
68668303,0,823
44630611,1,175
81374126,0,305
58004721,1,905
25439154,0,379
60474902,0,284
34023430,1,273
27390371,0,497
60434263,0,481
11062726,0,217
85182401,1,368
65352133,1,116
21572799,1,224
45340584,0,606
86285564,0,288
54825867,0,228
62186405,0,700
18344091,0,823
95044232,0,556
85284751,1,201
9863722,0,301
52741895,0,125
82398260,0,148
80229606,1,2952
90514029,1,133
5593208,1,347
78016866,1,1350
28057724,0,322
4328276,0,1124
60462258,1,664
81727321,1,391
63801566,0,441
57205746,1,1217
96319425,1,985
81743693,1,520
8710127,1,272
55651106,1,600
64261604,0,353
45548906,1,905
46992221,0,718
64364067,0,557
67617882,1,228
22585431,1,788
48161744,0,72
14212610,0,403
80325599,1,248
14260146,0,395
32922999,1,343
94222600,0,440
64038277,1,230
7423280,0,567
58070888,1,1173
83310079,0,265
72534932,1,295
78859723,0,386
8009719,0,618
28783783,0,540
17456490,0,520
52660827,0,397
7793842,0,712
94781153,1,931
85660140,1,398
47895869,1,679
66223021,1,710
78929600,0,535
30844520,0,198
86844071,1,519
71101599,0,570
74322423,0,647
44223937,0,278
59500358,1,389
95269128,0,807
37177066,1,295
60890229,1,661
8941778,0,474
12548616,0,641
53947351,0,585
615954,0,303
2027135,0,456
6168444,0,222
97869349,1,239
77241644,1,665
66738934,1,808
5071786,1,639
87373794,1,237
10657243,0,92
68495904,0,559
98960303,1,1145
54890147,1,399
21770327,0,226
81114736,1,485
81035597,0,250
6349212,0,479
23329206,0,518
49753224,0,838
59763029,0,714
95178313,0,634
51624135,1,88
18126138,0,191
71607343,1,632
82836263,1,264
81812013,1,926
9945756,0,823
37160920,1,379
96541740,0,128
65042620,0,286
12071388,1,839
91837362,0,292
16371796,0,446
80615590,1,656
97676287,1,523
74751262,1,315
63956178,0,269
37257010,0,271
16015698,0,86
98727667,0,173
77957372,0,225
47813751,0,336
26459187,1,142
27708166,0,219
66825031,1,255
65411135,0,726
15347446,0,684
77695202,0,368
94157282,0,91
87767714,0,834
99336283,0,188
52340213,1,601
2548573,0,656
82029848,0,535
23371909,0,769
68965368,1,473
85384756,1,261
31974499,0,700
31099458,0,307
87391363,0,120
54113876,0,540
95230476,1,239
37264362,0,55
8189454,0,372
50423414,0,723
27651645,0,592
1844176,1,468
40072019,0,369
70982049,0,152
59880944,0,1139
23336033,0,428
3707746,1,444
51483897,0,681
4622192,0,820
37415294,1,233
93682887,0,558
3902265,0,321
75439876,0,439
77292008,0,261
10877395,0,449
15789572,0,1376
78408006,1,215
38032942,1,369
16591133,0,418
5607565,0,937
95088517,0,417
58433783,1,191
98255844,1,418
56220704,1,779
82741083,0,609
64690140,0,421
24076035,0,1136
75134631,1,928
52441398,1,249
27786863,0,1442
43777193,1,1061
25589416,0,268
80877376,0,993
33153217,0,571
32317349,0,324
22698869,1,277
14267405,1,345
59396981,0,441
93919839,0,412
25044249,1,543
34229303,0,200
33972779,1,591
88953742,0,721
76873751,0,427
51549457,1,422
58370439,0,217
18256987,1,141
19031983,1,812
48635606,1,627
65002627,0,184
81548209,1,195
85186488,1,173
5301702,1,429
8200905,0,455
21947799,0,35
70502896,0,280
21910148,0,354
6402276,1,720
60046355,0,425
312146,0,300
38906402,0,448
53470175,0,76
59836870,1,503
23916705,1,437
69197914,1,441
14362107,1,321
9925050,0,239
28763320,0,645
93685024,0,549
26226954,1,687
36913684,0,348
74216002,0,196
15590380,1,540
79552722,0,34
16203811,1,870
52846368,0,472
91477604,1,354
60070226,0,148
27651375,1,1303
75955805,1,381
11249127,0,208
77783074,1,385
18699655,0,344
55318991,0,51
31515556,0,424
84720563,0,474
13883186,0,153
27315506,0,431
83258118,0,506
39081921,0,66
17130516,1,251
11218538,0,396
79496375,1,394
33767380,0,1096
16395398,0,276
18690123,0,288
85435853,0,237
53053662,0,475
67383493,0,887
86369588,0,477
9363735,0,1218
71923630,1,545
72617904,1,371
88935077,0,232
69711372,1,789
91549330,1,566
79503987,0,461
94362880,1,294
40282390,0,98
24485988,1,44
88953978,1,335
72530373,0,156
73566207,1,73
55192578,0,273
87103619,1,539
28606276,0,340
84499561,0,388
52612001,1,330
34174960,0,336
31566800,0,112
6070760,0,212
75028202,1,352
94554365,0,180
44876755,0,177
9451749,1,542
66039432,0,379
20931581,0,133
71966814,0,1011
28565998,0,113
26516339,1,153
42705235,0,410
90233782,0,563
29334516,1,435
99638467,1,176
36996359,1,485
78115218,1,94
40595641,1,531
69715217,0,152
18746693,1,752
74028248,0,15
97542198,0,201
8918702,0,183
59956175,1,834
33842444,1,618
21576249,0,525
52522078,0,523
58038456,0,202
42118302,1,402
7643575,1,664
72095061,0,190
7590031,0,533
83886289,0,338
81288145,1,232
42358512,0,672
4736715,1,276
43214130,0,300
38467091,0,142
88762055,1,197
64543174,1,120
53612534,1,648
26340343,1,327
78934051,1,910
68235748,1,302
70050692,1,434
61546226,0,384
66104573,0,152
90081271,1,615
44377050,1,467
87968850,1,749
30831381,1,49
29542906,1,371
77529223,1,611
79714704,0,438
24831298,1,529
55541324,0,103
40421301,0,277
75474815,1,805
84148408,0,179
22233287,1,590
27527765,0,215
25793682,0,282
18598288,1,306
1716098,1,315
95933705,1,192
5389007,0,516
66676781,1,767
9711806,1,644
15611978,0,442
92917530,0,22
63524020,1,445
63145287,0,741
76804225,0,145
39703764,0,127
350821,0,249
28155269,0,609
40340012,0,146
74921898,0,206
1136140,1,778
45864063,1,300
54431925,1,654
16764721,1,715
15945483,0,490
55046733,1,85
40425759,0,166
80882045,0,470
47409590,1,125
63000811,0,557
8320225,0,328
50127267,0,581
54636579,0,263
94885326,0,666
54759922,0,182
20072776,1,327
23671549,0,224
71190411,1,340
19792342,1,456
56053006,1,933
62547124,1,309
45151678,0,498
71068851,1,1045
25355724,0,41
6443703,0,845
73985249,0,283
58152776,0,336
96751727,0,183
21019874,0,410
82270827,1,207
61763298,0,338
90724534,0,372
68575960,1,267
99089758,1,1006
53653672,1,131
57723725,1,246
78395007,0,110
19100322,1,572
74069243,0,228
11142969,0,173
87961010,1,522
64310958,1,342
6815,0,226
76021120,0,538
69174409,0,48
17605074,0,446
23758146,1,60
62691685,1,362
65948703,0,151
84689647,0,585
69303302,0,520
30991940,0,619
75248245,1,186
84536809,0,346
80935004,0,600
33995503,1,485
70635851,0,16
89116031,1,383
78545921,0,374
95242792,1,832
45959906,0,249
24599816,1,159
44643000,0,378
28457115,0,334
81015865,0,513
27558571,0,251
68390056,0,409
45374753,0,289
43496917,0,297
71342712,0,40
52227989,0,506
83342877,1,717
30886297,1,390
43703272,1,554
34068814,0,586
8871805,0,566
39208460,0,868
74864399,0,110
25748744,0,1017
5783535,1,105
23404507,1,204
28910441,0,110
94939343,0,174
97799588,0,441
31096798,0,116
35972896,1,951
27034273,1,249
21819416,1,795
76882240,1,587
55919477,1,277
20357009,0,571
48539312,1,258
3321077,1,236
21489898,1,480
17120770,0,328
8477993,0,320
37552596,1,373
84403363,0,331
67710245,0,502
59583266,0,970
49290573,0,321
85907961,0,497
82448293,0,1158
95787259,0,344
65368200,0,514
66302939,0,144
54520189,0,519
13659037,1,454
25726952,1,601
35184261,0,746
15455653,0,706
89793661,1,321
48621241,0,124
76869749,0,480
56578583,0,415
30876671,0,568
93123732,1,873
58691571,0,219
72482237,0,493
11671863,0,88
82294843,0,210
80608679,0,137
39865688,0,593
6028275,1,1005
66075103,0,293
41121283,0,98
67137605,0,61
66838542,1,1102
43376245,1,424
47652409,0,411
78587445,1,286
80599806,1,688
28137542,1,305
55996916,0,729
58181810,0,290
5253697,1,283
95747928,0,264
90524119,0,713
41967480,0,165
74653671,0,220
63145794,1,210
86569593,0,423
33030858,0,381
91951616,0,247
87136107,0,240
80573409,0,932
53393963,1,127
65149894,1,321
34391438,0,464
30715845,0,77
324850,0,166
76182785,0,467
43753351,0,52
88565756,0,154
21045545,0,754
46769155,0,864
95051059,0,266
29631690,1,290
18798580,0,377
71596696,0,398
25210429,0,197
90199889,1,282
12678319,0,149
35916400,0,331
26782922,1,294
65596907,0,144
21888387,0,111
26250094,0,107
40417888,1,271
31086720,0,617
22119757,1,249
16367800,0,407
44593028,0,705
461627,1,540
24511234,1,363
16689751,1,208
6599408,0,764
48433830,1,543
94653578,0,215
95433120,0,305
39233919,1,518
89545472,1,214
21928402,1,195
89003636,0,330
24093456,0,562
83734156,1,418
43296158,1,557
95514822,0,28
98146967,1,440
6528607,0,190
80777234,1,704
96062802,1,644
68273832,1,710
66342931,1,763
74373906,0,411
13724038,0,220
35101936,0,481
53141110,0,112
24093135,0,24
47718496,0,554
6280463,0,441
41708415,0,371
68794901,1,662
86370215,1,770
89923306,0,324
76294176,0,432
80168324,0,134
4730614,1,312
97585827,0,647
98481661,1,192
96824387,0,253
35005722,0,276
27395531,0,384
86415099,0,447
954126,0,532
82315725,0,363
19457273,1,156
42065452,0,314
60374532,0,127
61968077,1,650
38451399,1,562
60665824,1,111
70858420,0,548
27210701,1,360
28976550,1,687
66864421,1,494
97666258,0,461
39809041,0,591
81303642,1,616
14307675,1,887
38507678,1,291
20421046,1,517
48655419,0,504
78603934,0,388
15597795,1,317
36592809,1,243
50331232,1,634
44138364,1,261
9833492,0,264
51499900,0,482
36992402,0,66
13888852,1,244
38195677,1,507
18059478,1,448
27578149,0,81
8189528,0,214
95014754,0,302
28564485,0,113
38891925,0,378
34989116,0,247
19439865,1,536
29267573,0,552
49604034,1,111
62071738,1,253
21747074,1,533
37942288,0,315
31100225,0,260
98506725,0,318
36035955,0,377
7154063,0,230
47113842,1,320
21724802,0,936
55415375,0,641
93089643,0,252
46571115,0,214
70215017,0,402
1071870,0,363
23110094,0,81
75346002,0,190
73459433,1,108
36170142,1,716
25607693,0,453
89440657,1,739
49686522,0,517
25655267,1,509
55675702,1,393
75650930,0,186
84245041,1,28
8039667,0,241
24812943,1,201
9708480,1,874
53683015,0,173
71316366,0,484
17755070,0,635
60859745,0,996
29916755,0,228
63273720,0,100
69586432,0,54
86240133,1,120
95047101,1,789
6507142,1,289
47121754,1,212
47838429,0,744
26529792,1,364
5069744,0,85
55715208,0,269
70523346,0,383
68617599,0,182
38809278,0,193
99008296,0,264
88218615,0,48
92338287,1,715
73584882,0,221
41214068,0,190
67320407,0,169
25290690,0,734
78136227,1,268
80783299,0,268
86007707,1,142
12739123,0,701
17005865,0,454
22111039,1,273
77583591,1,108
24953128,0,471
43570395,1,433
15103892,0,363
34223624,0,217
18235022,0,365
87201361,0,32
11561813,1,291
24690468,0,187
85028283,1,611
93851389,0,340
6633860,0,165
86750398,0,132
67989878,1,131
5542063,1,316
41492540,0,219
88816014,0,316
81848197,1,551
99230639,0,182
12280482,1,589
75064651,1,83
17880257,0,387
10796448,1,612
93217261,1,345
38894045,0,239
27879640,0,204
38462191,1,349
83510129,0,202
57139036,0,266
44741704,0,409
177299,1,349
80152207,0,209
27258116,1,126
85564481,1,377
10403659,1,474
86796306,1,510
72717967,0,359
91442236,1,123
71974747,1,447
94434454,1,284
11114169,0,134
17038281,0,634
15158844,0,611
53301400,1,163
97470709,0,149
37112887,1,646
71591742,1,240
41394223,0,281
37172387,0,288
40944313,0,115
76417408,1,157
6393719,1,163
62001381,1,193
60591036,0,418
79563110,1,660
89222217,0,367
6992283,0,280
41599422,0,930
73108951,0,513
26996112,1,1047
12697882,0,201
48968676,1,290
18157127,1,758
46573073,0,167
43393393,0,453
6688106,0,529
46148987,0,739
4662805,0,141
11204688,0,339
39975016,0,587
66743297,0,89
36610379,0,284
32342676,1,243
37925972,1,267
46352874,1,272
98949813,0,175
44771419,0,233
8860759,0,245
85220654,0,171
29112408,1,490
9363087,0,326
83436874,0,67
7822048,1,294
30330726,1,657
62309471,1,578
79424199,1,444
94725495,0,288
64087631,0,175
31232290,1,414
70327700,1,135
58040316,0,590
13605073,1,843
27082563,1,97
84980957,1,87
99486577,0,294
79073096,1,282
54372264,0,286
92904640,1,107
22147183,1,472
1929883,0,476
55804409,0,300
56589562,1,114
96821552,0,292
65220358,0,126
28641319,1,344
30461006,0,65
87780866,0,274
77010833,1,349
69076195,0,176
71100796,0,188
9899289,1,439
71631423,0,219
21002565,0,58
80946485,0,364
53929554,1,423
59343178,1,324
64708091,1,338
30959921,0,211
4637485,1,49
2761357,1,372
2216764,1,510
86446782,1,697
26125439,0,627
45982409,0,600
32765525,1,468
41473142,1,913
40586220,1,49
1513266,1,245
92177979,1,653
19438089,1,391
9192624,1,677
76497916,1,273
5144740,0,135
25757734,1,219
82873839,0,133
42073636,0,628
95065294,0,193
24359783,0,61
35111431,1,186
88450089,1,248
87784181,1,335
36153872,1,148
85553162,0,72
28812820,0,241
13170353,1,243
44056676,0,905
61855287,0,251
27427136,0,482
71083746,0,647
42357588,0,169
61958659,0,290
27015485,0,318
96257179,0,284
75496316,0,210
16840276,0,517
70225938,0,383
11073241,0,293
25621948,1,541
10067396,0,360
33385473,1,422
38819489,0,314
6915128,0,1401
36775363,1,330
88064904,1,215
49114415,0,265
10789064,1,278
97051329,0,238
9002442,0,134
99807439,0,50
50606306,0,428
59213988,1,610
94327666,0,203
57161466,1,335
93419578,1,86
23963963,1,259
21776503,1,129
37338139,0,181
78917074,0,105
409257,0,36
50707517,0,367
71084861,1,384
53455317,0,381
72577730,0,175
82705270,1,111
72674186,1,204
14907076,0,93
39205540,0,514
81283163,0,118
8569972,0,199
54410582,0,337
39954457,0,480
95519854,0,144
4093391,0,155
93715144,1,106
13825301,0,396
50281345,1,38
12252020,1,353
78659,1,319
45859594,0,600
60265571,1,201
8508392,0,245
78236376,1,385
38506334,0,384
49682012,1,193
19457255,1,122
51984223,0,98
6318309,0,183
60721060,0,440
78567402,0,200
93574409,1,134
61317308,0,192
52740417,0,543
86127425,1,70
72506783,1,268
87574305,1,304
98005968,0,462
27813466,0,411
35516031,0,638
96548394,0,378
59506410,0,205
16273685,0,201
41373183,0,444
61264546,1,257
76282911,0,505
44992736,1,394
6323787,1,271
70379828,0,207
73860528,0,126
99100618,0,275
18879570,1,275
64612686,0,153
75586727,1,327
67675487,0,250
96819546,0,155
22556651,1,360
74280926,1,264
55272630,0,494
66097631,1,558
47172123,0,407
24076942,0,152
24285751,1,80
35902375,0,304
38054517,0,197
82376700,1,337
54161169,0,264
71646377,1,274
19633697,0,163
29187893,0,299
41749270,0,58
77600546,0,98
99024172,1,339
73778579,0,184
29551787,0,90
93739946,0,367
8147226,0,580
95181935,0,170
31098199,0,488
42445381,1,493
29765684,1,85
37796079,1,189
59454656,0,69
402290,0,290
61324530,0,176
4747261,0,69
51709620,1,242
47941379,0,199
62451459,1,102
22617472,1,263
98767924,0,214
26865893,0,240
69131449,1,205
87558766,0,287
21262060,0,408
53930440,0,124
87824239,0,261
14030201,0,287
64004910,0,140
45347884,0,74
44263303,0,401
78850370,1,803
70259852,0,221
9276986,1,175
76758933,1,820
67135024,0,159
63305351,1,405
9416660,0,162
63935351,1,192
19237958,0,148
48611938,1,266
48289250,0,400
34691946,0,369
43957579,0,298
47880011,0,112
14480573,1,502
54403710,1,368
80378441,0,245
66768506,1,168
28096679,0,262
14027711,0,490
24964917,1,66
82199578,0,42
5620371,0,167
14380708,0,125
51998915,0,89
61312532,0,198
8557916,0,270
30001841,0,226
9200964,0,146
67555827,1,369
10331386,1,202
58399277,1,193
32298189,1,167
14651755,0,90
39516922,0,149
85159859,0,206
73067127,0,616
23793742,0,374
24784802,0,362
18348644,1,194
46055066,1,161
72614307,0,73
80331661,0,400
29354976,0,200
91679053,0,102
43813414,0,227
54749969,0,327
92535930,0,371
18628974,1,396
89934397,0,174
11071792,1,75
94671654,1,94
40139325,1,82
76695883,0,635
63033201,0,249
90596843,1,274
30605495,1,509
85185644,1,569
2790265,0,143
67199676,1,374
87135380,0,192
58021788,0,184
2529698,0,178
63828136,0,48
63112086,1,73
69925212,0,158
43974358,1,194
77958234,1,149
31568333,0,165
47527335,0,247
60064419,0,226
39887047,0,228
78002711,0,255
42577027,0,133
79818906,1,163
99729098,0,284
18490455,0,63
58084771,1,771
84179112,0,43
53848566,0,646
91736163,0,303
70128202,0,105
89442238,1,867
15208319,1,201
87567939,0,377
48288703,0,470
5216946,0,227
29063772,0,337
4667262,0,44
99302313,1,265
62168921,0,95
70336609,0,440
5435992,1,248
68673641,1,370
64791803,1,72
1888728,1,32
31744352,0,414
16447728,1,475
29945082,1,170
38073232,1,289
43024497,0,551
96833464,0,219
4256687,0,101
61148103,0,201
42641019,1,169
26653245,1,201
9018309,0,95
18925330,0,33
72515811,0,193
22665815,0,331
72970097,0,388
10596896,1,166
49592643,1,787
62138009,1,338
86169927,0,173
88713629,0,506
33026740,0,115
41485331,0,511
9094483,0,139
42571629,1,286
57775609,0,87
8542206,1,286
52482165,0,522
44199037,0,320
22435534,0,164
53796916,1,340
41463776,0,567
31872701,1,58
24484220,0,39
49330434,0,112
51025144,0,311
64504832,0,145
10693331,0,148
85834562,1,69
57577473,0,261
72570760,0,164
75724912,1,160
36838245,0,55
82683344,0,33
72327046,1,259
5079103,0,292
41674124,1,239
64497822,1,184
43855654,0,354
72347452,0,69
6352651,0,102
94156006,1,167
74917343,0,372
86318735,0,316
56939523,1,251
75050629,1,292
88938877,0,218
45083298,0,78
18671863,0,382
72035996,0,308
82414063,1,62
26120775,0,226
44103933,0,91
17685580,1,240
3132026,0,348
32621083,0,25
73117800,0,656
33333541,0,293
32194532,1,228
76858175,0,78
80542808,1,49
49876971,1,194
31156946,1,395
97623546,1,120
24406160,0,125
22331456,1,137
85464738,1,201
61941411,0,397
91187991,0,92
90292087,0,152
88183213,1,243
28444589,1,305
72610880,1,192
96862534,0,22
18977893,0,253
5471887,0,155
85862087,0,433
6252294,0,194
88986376,1,387
62008087,0,22
1851193,0,167
61734363,0,285
99804009,0,196
42583209,0,247
97753724,1,69
1013552,1,549
52685147,0,263
67448735,0,342
80543881,0,44
10166707,1,349
34356731,0,504
26385344,0,521
94658132,0,261
17875998,0,144
3741760,0,416
10895224,0,372
56974053,1,560
72518333,0,295
27339246,0,194
3356075,0,190
13260220,1,182
53253983,0,189
22954574,0,700
86327634,0,243
58961598,1,147
24382422,1,753
88912505,0,50
4763393,0,37
74231858,0,189
63154712,0,278
66191490,1,385
10747474,0,195
73579890,0,90
64165885,0,203
30172244,0,55
33357929,0,51
40678395,1,144
94982732,0,214
69407297,1,530
75156736,1,92
18734965,0,133
61471947,0,258
26118785,0,228
98801178,1,373
66241278,0,30
41525260,0,124
55108009,1,174
58044117,0,251
58357698,0,296
886850,1,391
66702639,1,323
25686628,0,258
71128442,1,226
6095580,0,248
1361341,0,310
67648409,1,286
45639804,0,215
34830199,0,240
9118054,1,165
39760766,1,275
76983562,0,204
75692529,1,62
38289668,0,88
73672459,0,317
66132744,0,170
91426374,1,81
73895152,1,279
4079550,0,148
20984811,0,205
1893992,0,283
81205414,0,303
98762469,0,171
57757650,0,143
76580001,1,77
79244627,0,71
23898185,0,521
48041843,0,147
88612631,0,154
74460130,0,96
18211024,0,538
79704528,0,26
74351422,0,268
65554798,1,80
81061748,1,210
52058205,1,68
14392168,0,177
19856837,1,176
65082603,0,202
97574052,1,147
22885925,0,170
75972046,0,351
34188654,0,254
82934797,0,204
76582767,1,89
44632825,1,274
81400054,0,348
92906966,0,499
40877619,1,380
24481195,1,81
31096244,0,133
14134377,1,225
44416819,0,64
87823426,1,131
55373427,1,292
8596353,1,279
6903543,1,156
18646751,0,59
13672389,0,271
60350405,1,228
46784787,1,59
24840888,0,197
86641978,1,28
96398263,1,45
48038681,0,128
13529871,1,79
58059741,1,336
49635827,1,159
26047380,1,38
6314385,1,129
33460128,0,88
31177544,0,231
97040719,1,468
75669588,1,62
10064386,1,77
53556576,0,221
12434084,0,292
92929073,0,333
88351231,1,140
31685969,1,155
87229439,0,319
50689632,0,41
52352880,1,182
43968005,0,127
3031425,0,274
21602746,0,365
65343106,0,71
52326300,0,108
86988270,1,62
59688498,1,28
93986992,1,279
6914241,0,108
93369119,1,157
12064455,0,183
13642050,0,267
63109852,0,168
97474899,1,397
29886887,0,104
37563035,1,61
30359516,0,227
34921197,1,264
23858374,0,255
1709422,1,143
69494290,0,142
40027989,0,68
56999759,0,420
43017820,0,258
57163214,0,92
15173207,0,113
57258174,0,194
59990431,0,238
87110807,0,99
82215023,1,208
71982064,0,54
96933345,0,201
9534903,0,118
12467102,1,404
36460428,0,204
13620003,1,164
98222191,0,28
53361712,0,383
6812280,1,135
39653282,0,133
53817387,1,265
12001537,0,111
23097908,0,205
77283676,1,401
67406385,1,119
96966926,1,196
39635352,0,87
97298691,0,237
11637315,1,196
89267243,0,59
90726215,0,116
41289120,0,157
44758820,0,62
58573553,0,168
67382369,0,192
61386658,1,23
22850599,0,174
44933464,0,122
49257431,1,105
39226483,0,447
96267319,1,93
30866161,0,442
85592941,0,101
17515894,1,108
93115285,1,203
62679832,0,66
44708064,1,19
35454596,1,209
62760931,0,212
64977335,0,92
22234245,0,98
57352697,0,148
80240089,1,167
32381332,0,47
76166690,0,341
83005415,1,401
85917235,0,172
77484761,0,62
22687518,1,346
60723549,0,65
34288645,0,137
35498425,1,164
76448946,1,76
7431256,0,273
32587301,0,224
17090426,1,464
58473772,0,227
94933997,1,362
27982146,0,89
59447114,0,154
98578475,0,264
84999717,0,213
54721273,0,221
6987246,1,279
72200763,0,132
82716193,1,47
28583055,0,123
84365979,1,139
60632738,0,93
79234200,0,83
29493830,1,268
20524734,0,316
63229039,0,70
84540241,0,234
72896314,1,187
89938970,0,101
6147623,1,165
45371529,0,64
77058473,0,195
90700555,0,325
7278173,0,117
52886082,1,373
7196791,0,166
14025913,0,352
8605057,0,38
48192892,0,143
63600387,0,279
21143923,0,92
44213163,0,128
67237463,1,36
91210508,1,32
82186195,1,267
71071203,1,88
48447048,0,217
21785327,0,258
76955574,0,99
95889057,0,449
52216376,0,51
96675064,1,312
92860028,1,386
80557463,0,145
69573062,0,280
16536678,0,128
48503602,0,51
97671163,0,125
15253284,1,180
96567084,0,84
70624880,0,207
63770741,0,164
84389511,0,57
35553603,0,177
58431934,0,331
58479570,0,150
14602021,0,125
29865481,1,411
90005965,0,213
32378173,0,198
70420440,1,232
75829830,1,180
60405817,0,70
39216943,0,63
75974772,1,68
89148969,0,109
83193869,0,387
82889584,0,406
96344869,1,71
25484406,0,150
39128769,0,24
68326027,0,26
46726266,1,61
77646806,0,86
93221804,0,212
68362347,0,155
29010981,0,33
41920328,0,33
77762327,0,201
49035738,0,16
40933716,0,92
70729497,0,64
70398779,1,120
70939175,0,43
32346573,0,144
18967458,0,209
43669023,0,54
7839132,0,44
71632352,1,269
45223278,0,34
36489564,0,114
98214863,0,443
23902289,0,101
93554277,0,30
93247406,0,98
60525551,0,304
12932872,0,93
43582036,0,57
56485020,1,181
64988012,1,299
60901649,0,42
26447342,0,125
73972092,1,103
81646318,1,258
20126923,0,193
13704599,1,99
12721595,1,98
14953743,1,172
87111015,0,104
71000193,1,105
76172708,0,68
50169658,0,48
23104892,0,105
21825497,0,111
24114731,0,146
35699164,0,88
39366199,1,100
74428668,0,102
28081323,0,232
34203643,1,57
43838131,0,98
41822334,0,201
64706705,1,175
93487974,0,94
99241296,1,138
31364323,1,217
96706392,1,411
76123682,1,165
36092410,0,141
70160767,0,62
61845978,1,27
30473321,0,362
24338357,0,291
53780419,0,132
32676912,1,288
95965185,0,134
29184546,0,272
43939842,0,221
81331404,1,98
32776178,1,297
85813585,0,129
47387353,0,232
62533123,0,144
80638494,0,38
61144234,0,55
91935610,0,66
24020136,0,157
70672864,0,46
63270283,0,260
78103849,0,135
48458257,0,127
91632940,0,111
25579809,0,58
70368897,1,166
46937261,0,121
78581679,0,30
33600817,1,196
54439107,0,137
32660482,0,63
63944126,0,112
29202812,1,175
95049233,0,110
507059,0,286
606275,0,278
38919443,0,84
11533763,0,119
59701507,0,87
11703306,0,240
25533203,0,7
43467285,0,87
15604721,0,95
34246117,0,298
30393055,0,160
85600496,1,183
80072232,1,77
30263305,0,81
44083494,1,133
91424577,0,14
39797791,0,38
98995299,0,73
4538769,0,32
18504401,1,237
65055799,0,55
19641265,0,107
65035676,0,34
31897554,0,43
33833317,0,31
82539477,0,303
8836504,1,49
17737985,1,60
62448192,1,64
28212229,1,195
92401013,0,116
78743091,0,61
86000591,1,71
25259924,0,67
98330637,1,17
77662388,0,52
86318641,0,51
33467462,0,157
48259494,0,23
24442897,0,83
85788214,0,50
20738775,0,183
46438232,0,217
2898546,0,77
32632097,1,40
54982271,1,47
63009289,1,149
59912360,0,47
99102528,1,50
58851931,1,61
37287632,1,183
7124049,0,93
33966960,0,131
41513625,1,101
65801943,0,269
55726098,0,94
51392158,0,106
34759886,0,40
14945938,0,118
46259146,1,226
40830138,1,96
68371332,1,64
32190333,0,43
90219583,0,117
45084590,1,72
34313136,0,239
94510903,0,36
78439787,1,60
32523426,1,138
97740786,0,88
62624043,0,106
55065582,0,19
43224908,0,76
58461952,1,51
84486951,1,25
15004238,0,127
30528720,1,16
52228494,0,118
80219999,0,25
1691972,1,69
19961643,0,53
27747387,0,143
78847089,0,45
58444075,0,30
32924337,1,41
20220651,0,105
2130072,0,115
13333685,0,99
31038673,0,66
67680924,1,98
33533787,1,124
89797932,0,132
7967711,0,71
80550801,1,53
22372484,0,161
15057364,1,51
69036228,0,15
23840539,0,91
60048863,0,80
46319037,1,37
89431544,1,111
51543682,0,59
81513101,0,65
1122742,0,64
85896879,1,134
69782718,1,192
61436963,0,87
20429748,1,72
66287048,1,80
49219531,1,65
70912556,0,169
89159978,0,21
92337108,0,106
93894881,0,45
31850028,0,164
62052700,1,86
44552764,0,94
3437627,0,135
35424652,0,90
84981788,0,66
1004170,0,137
37427561,1,110
57097583,0,8
3439732,1,90
90918201,0,114
93259428,0,58
34417413,0,30
45512022,0,43
53010322,0,68
85799976,0,120
21323589,1,13
49674069,0,107
11254893,1,120
52708285,0,63
47732111,1,73
74639060,1,63
86022407,0,25
91661754,0,59
98313092,1,120
80917162,0,232
2134054,0,99
29587179,0,221
63243545,1,96
2219074,0,85
83922170,1,75
3690249,1,50
48555373,0,89
25497358,0,65
66227697,0,35
99836889,0,28
26348533,1,48
45431782,0,45
99787257,0,34
22882112,0,49
71911679,1,92
58468860,0,30
39083383,0,41
65212654,0,32
88600980,0,41
82926300,1,41
50959455,0,40
452658,0,87
44750536,0,60
42579266,0,161
33605846,1,37
38191730,0,60
90134592,1,36
41846184,1,14
28826674,0,34
35819316,1,83
53205452,0,48
9872815,0,30
39576818,0,91
49446707,0,156
48537787,0,53
90308191,1,44
20467257,1,21
96866054,1,75
90691233,0,9
4093894,0,72
49463493,1,44
74592590,0,32
39358235,1,32
39117540,1,36
49219375,1,50
76890188,1,34
66893240,1,16
70213046,0,38
99859464,1,29
57070076,1,19
91619045,1,54
95522133,1,52
27966663,0,28
60693557,0,58
73472247,0,99
59867751,0,31
38735257,0,56
15866910,1,44
55875274,0,17
3396239,0,31
82596628,1,30
32382604,0,29
16939122,0,42
85884054,1,30
79583123,0,35
43985545,0,86
81900479,1,92
10888907,0,10
52588558,1,90
19968378,1,83
53931678,0,42
43194961,0,23
8241160,0,33
79176394,0,29
36564741,0,36
63497183,1,17
4457491,0,32
81862398,0,61
66477600,0,29
39015287,1,15
97513388,0,122
791643,0,23
75131411,0,34
37616739,0,44
7102003,0,25
17352837,1,98
67035120,0,15
18828201,0,22
85681838,1,25
57454957,1,49
32707409,0,48
70603698,0,9
5003413,0,24
64472759,0,24
59553546,0,11
43212257,1,28
41419039,1,19
18333711,0,18
16392564,0,35
91380704,0,37
46330016,0,60
71022537,1,27
65015384,0,49
63936802,0,11
77275638,0,29
44274164,0,5
84259499,0,14
88294190,0,11
20323121,0,5
54130460,1,26
29709918,1,8
64266161,0,10
19837712,0,15
14544715,1,15
60808677,0,25
96258144,0,28
88992699,0,6
8242368,1,23
62320055,0,10
94160907,0,17
97087179,1,3
97302250,1,1
94223016,0,6
86266095,0,2
14711088,0,2
50130368,0,4
